<?xml version="1.0" encoding="UTF-8"?>
<root>
  <item name="com.zzhoujay.richtext.ig.BitmapWrapper BitmapWrapper(java.lang.String, android.graphics.Bitmap, android.graphics.Rect, int, com.zzhoujay.richtext.ImageHolder.BorderHolder) 3">
    <annotation name="android.support.annotation.IntDef">
      <val name="value" val="{com.zzhoujay.richtext.ImageHolder.ScaleType.NONE, com.zzhoujay.richtext.ImageHolder.ScaleType.CENTER, com.zzhoujay.richtext.ImageHolder.ScaleType.CENTER_CROP, com.zzhoujay.richtext.ImageHolder.ScaleType.CENTER_INSIDE, com.zzhoujay.richtext.ImageHolder.ScaleType.FIT_START, com.zzhoujay.richtext.ImageHolder.ScaleType.FIT_END, com.zzhoujay.richtext.ImageHolder.ScaleType.FIT_CENTER, com.zzhoujay.richtext.ImageHolder.ScaleType.FIT_XY, com.zzhoujay.richtext.ImageHolder.ScaleType.FIT_AUTO}" />
    </annotation>
  </item>
  <item name="com.zzhoujay.richtext.ig.BitmapWrapper.SizeCacheHolder SizeCacheHolder(java.lang.String, android.graphics.Rect, int, com.zzhoujay.richtext.ImageHolder.BorderHolder) 2">
    <annotation name="android.support.annotation.IntDef">
      <val name="value" val="{com.zzhoujay.richtext.ImageHolder.ScaleType.NONE, com.zzhoujay.richtext.ImageHolder.ScaleType.CENTER, com.zzhoujay.richtext.ImageHolder.ScaleType.CENTER_CROP, com.zzhoujay.richtext.ImageHolder.ScaleType.CENTER_INSIDE, com.zzhoujay.richtext.ImageHolder.ScaleType.FIT_START, com.zzhoujay.richtext.ImageHolder.ScaleType.FIT_END, com.zzhoujay.richtext.ImageHolder.ScaleType.FIT_CENTER, com.zzhoujay.richtext.ImageHolder.ScaleType.FIT_XY, com.zzhoujay.richtext.ImageHolder.ScaleType.FIT_AUTO}" />
    </annotation>
  </item>
  <item name="com.zzhoujay.richtext.ig.BitmapWrapper.SizeCacheHolder int getScaleType(int)">
    <annotation name="android.support.annotation.IntDef">
      <val name="value" val="{com.zzhoujay.richtext.ImageHolder.ScaleType.NONE, com.zzhoujay.richtext.ImageHolder.ScaleType.CENTER, com.zzhoujay.richtext.ImageHolder.ScaleType.CENTER_CROP, com.zzhoujay.richtext.ImageHolder.ScaleType.CENTER_INSIDE, com.zzhoujay.richtext.ImageHolder.ScaleType.FIT_START, com.zzhoujay.richtext.ImageHolder.ScaleType.FIT_END, com.zzhoujay.richtext.ImageHolder.ScaleType.FIT_CENTER, com.zzhoujay.richtext.ImageHolder.ScaleType.FIT_XY, com.zzhoujay.richtext.ImageHolder.ScaleType.FIT_AUTO}" />
    </annotation>
  </item>
  <item name="com.zzhoujay.richtext.ig.BitmapWrapper.SizeCacheHolder scaleType">
    <annotation name="android.support.annotation.IntDef">
      <val name="value" val="{com.zzhoujay.richtext.ImageHolder.ScaleType.NONE, com.zzhoujay.richtext.ImageHolder.ScaleType.CENTER, com.zzhoujay.richtext.ImageHolder.ScaleType.CENTER_CROP, com.zzhoujay.richtext.ImageHolder.ScaleType.CENTER_INSIDE, com.zzhoujay.richtext.ImageHolder.ScaleType.FIT_START, com.zzhoujay.richtext.ImageHolder.ScaleType.FIT_END, com.zzhoujay.richtext.ImageHolder.ScaleType.FIT_CENTER, com.zzhoujay.richtext.ImageHolder.ScaleType.FIT_XY, com.zzhoujay.richtext.ImageHolder.ScaleType.FIT_AUTO}" />
    </annotation>
  </item>
</root>

