<?xml version="1.0" encoding="UTF-8"?>
<root>
  <item name="com.zzhoujay.richtext.drawable.DrawableWrapper int getScaleType()">
    <annotation name="android.support.annotation.IntDef">
      <val name="value" val="{com.zzhoujay.richtext.ImageHolder.ScaleType.NONE, com.zzhoujay.richtext.ImageHolder.ScaleType.CENTER, com.zzhoujay.richtext.ImageHolder.ScaleType.CENTER_CROP, com.zzhoujay.richtext.ImageHolder.ScaleType.CENTER_INSIDE, com.zzhoujay.richtext.ImageHolder.ScaleType.FIT_START, com.zzhoujay.richtext.ImageHolder.ScaleType.FIT_END, com.zzhoujay.richtext.ImageHolder.ScaleType.FIT_CENTER, com.zzhoujay.richtext.ImageHolder.ScaleType.FIT_XY, com.zzhoujay.richtext.ImageHolder.ScaleType.FIT_AUTO}" />
    </annotation>
  </item>
  <item name="com.zzhoujay.richtext.drawable.DrawableWrapper scaleType">
    <annotation name="android.support.annotation.IntDef">
      <val name="value" val="{com.zzhoujay.richtext.ImageHolder.ScaleType.NONE, com.zzhoujay.richtext.ImageHolder.ScaleType.CENTER, com.zzhoujay.richtext.ImageHolder.ScaleType.CENTER_CROP, com.zzhoujay.richtext.ImageHolder.ScaleType.CENTER_INSIDE, com.zzhoujay.richtext.ImageHolder.ScaleType.FIT_START, com.zzhoujay.richtext.ImageHolder.ScaleType.FIT_END, com.zzhoujay.richtext.ImageHolder.ScaleType.FIT_CENTER, com.zzhoujay.richtext.ImageHolder.ScaleType.FIT_XY, com.zzhoujay.richtext.ImageHolder.ScaleType.FIT_AUTO}" />
    </annotation>
  </item>
</root>

