<?xml version="1.0" encoding="UTF-8"?>
<root>
  <item name="com.blankj.utilcode.util.ConvertUtils double byte2MemorySize(long, int) 1">
    <annotation name="android.support.annotation.IntDef">
      <val name="value" val="{com.blankj.utilcode.constant.MemoryConstants.BYTE, com.blankj.utilcode.constant.MemoryConstants.KB, com.blankj.utilcode.constant.MemoryConstants.MB, com.blankj.utilcode.constant.MemoryConstants.GB}" />
    </annotation>
  </item>
  <item name="com.blankj.utilcode.util.ConvertUtils long memorySize2Byte(long, int) 1">
    <annotation name="android.support.annotation.IntDef">
      <val name="value" val="{com.blankj.utilcode.constant.MemoryConstants.BYTE, com.blankj.utilcode.constant.MemoryConstants.KB, com.blankj.utilcode.constant.MemoryConstants.MB, com.blankj.utilcode.constant.MemoryConstants.GB}" />
    </annotation>
  </item>
  <item name="com.blankj.utilcode.util.ConvertUtils long millis2TimeSpan(long, int) 1">
    <annotation name="android.support.annotation.IntDef">
      <val name="value" val="{com.blankj.utilcode.constant.TimeConstants.MSEC, com.blankj.utilcode.constant.TimeConstants.SEC, com.blankj.utilcode.constant.TimeConstants.MIN, com.blankj.utilcode.constant.TimeConstants.HOUR, com.blankj.utilcode.constant.TimeConstants.DAY}" />
    </annotation>
  </item>
  <item name="com.blankj.utilcode.util.ConvertUtils long timeSpan2Millis(long, int) 1">
    <annotation name="android.support.annotation.IntDef">
      <val name="value" val="{com.blankj.utilcode.constant.TimeConstants.MSEC, com.blankj.utilcode.constant.TimeConstants.SEC, com.blankj.utilcode.constant.TimeConstants.MIN, com.blankj.utilcode.constant.TimeConstants.HOUR, com.blankj.utilcode.constant.TimeConstants.DAY}" />
    </annotation>
  </item>
  <item name="com.blankj.utilcode.util.LogUtils void file(int, java.lang.Object) 0">
    <annotation name="android.support.annotation.IntDef">
      <val name="value" val="{com.blankj.utilcode.util.LogUtils.V, com.blankj.utilcode.util.LogUtils.D, com.blankj.utilcode.util.LogUtils.I, com.blankj.utilcode.util.LogUtils.W, com.blankj.utilcode.util.LogUtils.E, com.blankj.utilcode.util.LogUtils.A}" />
    </annotation>
  </item>
  <item name="com.blankj.utilcode.util.LogUtils void file(int, java.lang.String, java.lang.Object) 0">
    <annotation name="android.support.annotation.IntDef">
      <val name="value" val="{com.blankj.utilcode.util.LogUtils.V, com.blankj.utilcode.util.LogUtils.D, com.blankj.utilcode.util.LogUtils.I, com.blankj.utilcode.util.LogUtils.W, com.blankj.utilcode.util.LogUtils.E, com.blankj.utilcode.util.LogUtils.A}" />
    </annotation>
  </item>
  <item name="com.blankj.utilcode.util.LogUtils void json(int, java.lang.Object) 0">
    <annotation name="android.support.annotation.IntDef">
      <val name="value" val="{com.blankj.utilcode.util.LogUtils.V, com.blankj.utilcode.util.LogUtils.D, com.blankj.utilcode.util.LogUtils.I, com.blankj.utilcode.util.LogUtils.W, com.blankj.utilcode.util.LogUtils.E, com.blankj.utilcode.util.LogUtils.A}" />
    </annotation>
  </item>
  <item name="com.blankj.utilcode.util.LogUtils void json(int, java.lang.String, java.lang.Object) 0">
    <annotation name="android.support.annotation.IntDef">
      <val name="value" val="{com.blankj.utilcode.util.LogUtils.V, com.blankj.utilcode.util.LogUtils.D, com.blankj.utilcode.util.LogUtils.I, com.blankj.utilcode.util.LogUtils.W, com.blankj.utilcode.util.LogUtils.E, com.blankj.utilcode.util.LogUtils.A}" />
    </annotation>
  </item>
  <item name="com.blankj.utilcode.util.LogUtils void xml(int, java.lang.String) 0">
    <annotation name="android.support.annotation.IntDef">
      <val name="value" val="{com.blankj.utilcode.util.LogUtils.V, com.blankj.utilcode.util.LogUtils.D, com.blankj.utilcode.util.LogUtils.I, com.blankj.utilcode.util.LogUtils.W, com.blankj.utilcode.util.LogUtils.E, com.blankj.utilcode.util.LogUtils.A}" />
    </annotation>
  </item>
  <item name="com.blankj.utilcode.util.LogUtils void xml(int, java.lang.String, java.lang.String) 0">
    <annotation name="android.support.annotation.IntDef">
      <val name="value" val="{com.blankj.utilcode.util.LogUtils.V, com.blankj.utilcode.util.LogUtils.D, com.blankj.utilcode.util.LogUtils.I, com.blankj.utilcode.util.LogUtils.W, com.blankj.utilcode.util.LogUtils.E, com.blankj.utilcode.util.LogUtils.A}" />
    </annotation>
  </item>
  <item name="com.blankj.utilcode.util.LogUtils.Config com.blankj.utilcode.util.LogUtils.Config setConsoleFilter(int) 0">
    <annotation name="android.support.annotation.IntDef">
      <val name="value" val="{com.blankj.utilcode.util.LogUtils.V, com.blankj.utilcode.util.LogUtils.D, com.blankj.utilcode.util.LogUtils.I, com.blankj.utilcode.util.LogUtils.W, com.blankj.utilcode.util.LogUtils.E, com.blankj.utilcode.util.LogUtils.A}" />
    </annotation>
  </item>
  <item name="com.blankj.utilcode.util.LogUtils.Config com.blankj.utilcode.util.LogUtils.Config setFileFilter(int) 0">
    <annotation name="android.support.annotation.IntDef">
      <val name="value" val="{com.blankj.utilcode.util.LogUtils.V, com.blankj.utilcode.util.LogUtils.D, com.blankj.utilcode.util.LogUtils.I, com.blankj.utilcode.util.LogUtils.W, com.blankj.utilcode.util.LogUtils.E, com.blankj.utilcode.util.LogUtils.A}" />
    </annotation>
  </item>
  <item name="com.blankj.utilcode.util.LogUtils.TYPE">
    <annotation name="android.support.annotation.IntDef">
      <val name="value" val="{com.blankj.utilcode.util.LogUtils.V, com.blankj.utilcode.util.LogUtils.D, com.blankj.utilcode.util.LogUtils.I, com.blankj.utilcode.util.LogUtils.W, com.blankj.utilcode.util.LogUtils.E, com.blankj.utilcode.util.LogUtils.A}" />
    </annotation>
  </item>
  <item name="com.blankj.utilcode.util.PermissionUtils com.blankj.utilcode.util.PermissionUtils permission(java.lang.String...) 0">
    <annotation name="android.support.annotation.StringDef">
      <val name="value" val="{com.blankj.utilcode.constant.PermissionConstants.CALENDAR, com.blankj.utilcode.constant.PermissionConstants.CAMERA, com.blankj.utilcode.constant.PermissionConstants.CONTACTS, com.blankj.utilcode.constant.PermissionConstants.LOCATION, com.blankj.utilcode.constant.PermissionConstants.MICROPHONE, com.blankj.utilcode.constant.PermissionConstants.PHONE, com.blankj.utilcode.constant.PermissionConstants.SENSORS, com.blankj.utilcode.constant.PermissionConstants.SMS, com.blankj.utilcode.constant.PermissionConstants.STORAGE}" />
    </annotation>
  </item>
  <item name="com.blankj.utilcode.util.SnackbarUtils com.blankj.utilcode.util.SnackbarUtils setDuration(int) 0">
    <annotation name="android.support.annotation.IntDef">
      <val name="value" val="{com.blankj.utilcode.util.SnackbarUtils.LENGTH_INDEFINITE, com.blankj.utilcode.util.SnackbarUtils.LENGTH_SHORT, com.blankj.utilcode.util.SnackbarUtils.LENGTH_LONG}" />
    </annotation>
  </item>
  <item name="com.blankj.utilcode.util.SnackbarUtils.Duration">
    <annotation name="android.support.annotation.IntDef">
      <val name="value" val="{com.blankj.utilcode.util.SnackbarUtils.LENGTH_INDEFINITE, com.blankj.utilcode.util.SnackbarUtils.LENGTH_SHORT, com.blankj.utilcode.util.SnackbarUtils.LENGTH_LONG}" />
    </annotation>
  </item>
  <item name="com.blankj.utilcode.util.SpanUtils com.blankj.utilcode.util.SpanUtils appendImage(android.graphics.Bitmap, int) 1">
    <annotation name="android.support.annotation.IntDef">
      <val name="value" val="{com.blankj.utilcode.util.SpanUtils.ALIGN_BOTTOM, com.blankj.utilcode.util.SpanUtils.ALIGN_BASELINE, com.blankj.utilcode.util.SpanUtils.ALIGN_CENTER, com.blankj.utilcode.util.SpanUtils.ALIGN_TOP}" />
    </annotation>
  </item>
  <item name="com.blankj.utilcode.util.SpanUtils com.blankj.utilcode.util.SpanUtils appendImage(android.graphics.drawable.Drawable, int) 1">
    <annotation name="android.support.annotation.IntDef">
      <val name="value" val="{com.blankj.utilcode.util.SpanUtils.ALIGN_BOTTOM, com.blankj.utilcode.util.SpanUtils.ALIGN_BASELINE, com.blankj.utilcode.util.SpanUtils.ALIGN_CENTER, com.blankj.utilcode.util.SpanUtils.ALIGN_TOP}" />
    </annotation>
  </item>
  <item name="com.blankj.utilcode.util.SpanUtils com.blankj.utilcode.util.SpanUtils appendImage(android.net.Uri, int) 1">
    <annotation name="android.support.annotation.IntDef">
      <val name="value" val="{com.blankj.utilcode.util.SpanUtils.ALIGN_BOTTOM, com.blankj.utilcode.util.SpanUtils.ALIGN_BASELINE, com.blankj.utilcode.util.SpanUtils.ALIGN_CENTER, com.blankj.utilcode.util.SpanUtils.ALIGN_TOP}" />
    </annotation>
  </item>
  <item name="com.blankj.utilcode.util.SpanUtils com.blankj.utilcode.util.SpanUtils appendImage(int, int) 1">
    <annotation name="android.support.annotation.IntDef">
      <val name="value" val="{com.blankj.utilcode.util.SpanUtils.ALIGN_BOTTOM, com.blankj.utilcode.util.SpanUtils.ALIGN_BASELINE, com.blankj.utilcode.util.SpanUtils.ALIGN_CENTER, com.blankj.utilcode.util.SpanUtils.ALIGN_TOP}" />
    </annotation>
  </item>
  <item name="com.blankj.utilcode.util.SpanUtils com.blankj.utilcode.util.SpanUtils setLineHeight(int, int) 1">
    <annotation name="android.support.annotation.IntDef">
      <val name="value" val="{com.blankj.utilcode.util.SpanUtils.ALIGN_BOTTOM, com.blankj.utilcode.util.SpanUtils.ALIGN_BASELINE, com.blankj.utilcode.util.SpanUtils.ALIGN_CENTER, com.blankj.utilcode.util.SpanUtils.ALIGN_TOP}" />
    </annotation>
  </item>
  <item name="com.blankj.utilcode.util.SpanUtils com.blankj.utilcode.util.SpanUtils setVerticalAlign(int) 0">
    <annotation name="android.support.annotation.IntDef">
      <val name="value" val="{com.blankj.utilcode.util.SpanUtils.ALIGN_BOTTOM, com.blankj.utilcode.util.SpanUtils.ALIGN_BASELINE, com.blankj.utilcode.util.SpanUtils.ALIGN_CENTER, com.blankj.utilcode.util.SpanUtils.ALIGN_TOP}" />
    </annotation>
  </item>
  <item name="com.blankj.utilcode.util.SpanUtils.Align">
    <annotation name="android.support.annotation.IntDef">
      <val name="value" val="{com.blankj.utilcode.util.SpanUtils.ALIGN_BOTTOM, com.blankj.utilcode.util.SpanUtils.ALIGN_BASELINE, com.blankj.utilcode.util.SpanUtils.ALIGN_CENTER, com.blankj.utilcode.util.SpanUtils.ALIGN_TOP}" />
    </annotation>
  </item>
  <item name="com.blankj.utilcode.util.TimeUtils java.lang.String getString(java.lang.String, java.text.DateFormat, long, int) 3">
    <annotation name="android.support.annotation.IntDef">
      <val name="value" val="{com.blankj.utilcode.constant.TimeConstants.MSEC, com.blankj.utilcode.constant.TimeConstants.SEC, com.blankj.utilcode.constant.TimeConstants.MIN, com.blankj.utilcode.constant.TimeConstants.HOUR, com.blankj.utilcode.constant.TimeConstants.DAY}" />
    </annotation>
  </item>
  <item name="com.blankj.utilcode.util.TimeUtils java.lang.String getString(java.lang.String, long, int) 2">
    <annotation name="android.support.annotation.IntDef">
      <val name="value" val="{com.blankj.utilcode.constant.TimeConstants.MSEC, com.blankj.utilcode.constant.TimeConstants.SEC, com.blankj.utilcode.constant.TimeConstants.MIN, com.blankj.utilcode.constant.TimeConstants.HOUR, com.blankj.utilcode.constant.TimeConstants.DAY}" />
    </annotation>
  </item>
  <item name="com.blankj.utilcode.util.TimeUtils java.lang.String getString(java.util.Date, java.text.DateFormat, long, int) 3">
    <annotation name="android.support.annotation.IntDef">
      <val name="value" val="{com.blankj.utilcode.constant.TimeConstants.MSEC, com.blankj.utilcode.constant.TimeConstants.SEC, com.blankj.utilcode.constant.TimeConstants.MIN, com.blankj.utilcode.constant.TimeConstants.HOUR, com.blankj.utilcode.constant.TimeConstants.DAY}" />
    </annotation>
  </item>
  <item name="com.blankj.utilcode.util.TimeUtils java.lang.String getString(java.util.Date, long, int) 2">
    <annotation name="android.support.annotation.IntDef">
      <val name="value" val="{com.blankj.utilcode.constant.TimeConstants.MSEC, com.blankj.utilcode.constant.TimeConstants.SEC, com.blankj.utilcode.constant.TimeConstants.MIN, com.blankj.utilcode.constant.TimeConstants.HOUR, com.blankj.utilcode.constant.TimeConstants.DAY}" />
    </annotation>
  </item>
  <item name="com.blankj.utilcode.util.TimeUtils java.lang.String getString(long, java.text.DateFormat, long, int) 3">
    <annotation name="android.support.annotation.IntDef">
      <val name="value" val="{com.blankj.utilcode.constant.TimeConstants.MSEC, com.blankj.utilcode.constant.TimeConstants.SEC, com.blankj.utilcode.constant.TimeConstants.MIN, com.blankj.utilcode.constant.TimeConstants.HOUR, com.blankj.utilcode.constant.TimeConstants.DAY}" />
    </annotation>
  </item>
  <item name="com.blankj.utilcode.util.TimeUtils java.lang.String getString(long, long, int) 2">
    <annotation name="android.support.annotation.IntDef">
      <val name="value" val="{com.blankj.utilcode.constant.TimeConstants.MSEC, com.blankj.utilcode.constant.TimeConstants.SEC, com.blankj.utilcode.constant.TimeConstants.MIN, com.blankj.utilcode.constant.TimeConstants.HOUR, com.blankj.utilcode.constant.TimeConstants.DAY}" />
    </annotation>
  </item>
  <item name="com.blankj.utilcode.util.TimeUtils java.lang.String getStringByNow(long, int) 1">
    <annotation name="android.support.annotation.IntDef">
      <val name="value" val="{com.blankj.utilcode.constant.TimeConstants.MSEC, com.blankj.utilcode.constant.TimeConstants.SEC, com.blankj.utilcode.constant.TimeConstants.MIN, com.blankj.utilcode.constant.TimeConstants.HOUR, com.blankj.utilcode.constant.TimeConstants.DAY}" />
    </annotation>
  </item>
  <item name="com.blankj.utilcode.util.TimeUtils java.lang.String getStringByNow(long, java.text.DateFormat, int) 2">
    <annotation name="android.support.annotation.IntDef">
      <val name="value" val="{com.blankj.utilcode.constant.TimeConstants.MSEC, com.blankj.utilcode.constant.TimeConstants.SEC, com.blankj.utilcode.constant.TimeConstants.MIN, com.blankj.utilcode.constant.TimeConstants.HOUR, com.blankj.utilcode.constant.TimeConstants.DAY}" />
    </annotation>
  </item>
  <item name="com.blankj.utilcode.util.TimeUtils java.util.Date getDate(java.lang.String, java.text.DateFormat, long, int) 3">
    <annotation name="android.support.annotation.IntDef">
      <val name="value" val="{com.blankj.utilcode.constant.TimeConstants.MSEC, com.blankj.utilcode.constant.TimeConstants.SEC, com.blankj.utilcode.constant.TimeConstants.MIN, com.blankj.utilcode.constant.TimeConstants.HOUR, com.blankj.utilcode.constant.TimeConstants.DAY}" />
    </annotation>
  </item>
  <item name="com.blankj.utilcode.util.TimeUtils java.util.Date getDate(java.lang.String, long, int) 2">
    <annotation name="android.support.annotation.IntDef">
      <val name="value" val="{com.blankj.utilcode.constant.TimeConstants.MSEC, com.blankj.utilcode.constant.TimeConstants.SEC, com.blankj.utilcode.constant.TimeConstants.MIN, com.blankj.utilcode.constant.TimeConstants.HOUR, com.blankj.utilcode.constant.TimeConstants.DAY}" />
    </annotation>
  </item>
  <item name="com.blankj.utilcode.util.TimeUtils java.util.Date getDate(java.util.Date, long, int) 2">
    <annotation name="android.support.annotation.IntDef">
      <val name="value" val="{com.blankj.utilcode.constant.TimeConstants.MSEC, com.blankj.utilcode.constant.TimeConstants.SEC, com.blankj.utilcode.constant.TimeConstants.MIN, com.blankj.utilcode.constant.TimeConstants.HOUR, com.blankj.utilcode.constant.TimeConstants.DAY}" />
    </annotation>
  </item>
  <item name="com.blankj.utilcode.util.TimeUtils java.util.Date getDate(long, long, int) 2">
    <annotation name="android.support.annotation.IntDef">
      <val name="value" val="{com.blankj.utilcode.constant.TimeConstants.MSEC, com.blankj.utilcode.constant.TimeConstants.SEC, com.blankj.utilcode.constant.TimeConstants.MIN, com.blankj.utilcode.constant.TimeConstants.HOUR, com.blankj.utilcode.constant.TimeConstants.DAY}" />
    </annotation>
  </item>
  <item name="com.blankj.utilcode.util.TimeUtils java.util.Date getDateByNow(long, int) 1">
    <annotation name="android.support.annotation.IntDef">
      <val name="value" val="{com.blankj.utilcode.constant.TimeConstants.MSEC, com.blankj.utilcode.constant.TimeConstants.SEC, com.blankj.utilcode.constant.TimeConstants.MIN, com.blankj.utilcode.constant.TimeConstants.HOUR, com.blankj.utilcode.constant.TimeConstants.DAY}" />
    </annotation>
  </item>
  <item name="com.blankj.utilcode.util.TimeUtils long getMillis(java.lang.String, java.text.DateFormat, long, int) 3">
    <annotation name="android.support.annotation.IntDef">
      <val name="value" val="{com.blankj.utilcode.constant.TimeConstants.MSEC, com.blankj.utilcode.constant.TimeConstants.SEC, com.blankj.utilcode.constant.TimeConstants.MIN, com.blankj.utilcode.constant.TimeConstants.HOUR, com.blankj.utilcode.constant.TimeConstants.DAY}" />
    </annotation>
  </item>
  <item name="com.blankj.utilcode.util.TimeUtils long getMillis(java.lang.String, long, int) 2">
    <annotation name="android.support.annotation.IntDef">
      <val name="value" val="{com.blankj.utilcode.constant.TimeConstants.MSEC, com.blankj.utilcode.constant.TimeConstants.SEC, com.blankj.utilcode.constant.TimeConstants.MIN, com.blankj.utilcode.constant.TimeConstants.HOUR, com.blankj.utilcode.constant.TimeConstants.DAY}" />
    </annotation>
  </item>
  <item name="com.blankj.utilcode.util.TimeUtils long getMillis(java.util.Date, long, int) 2">
    <annotation name="android.support.annotation.IntDef">
      <val name="value" val="{com.blankj.utilcode.constant.TimeConstants.MSEC, com.blankj.utilcode.constant.TimeConstants.SEC, com.blankj.utilcode.constant.TimeConstants.MIN, com.blankj.utilcode.constant.TimeConstants.HOUR, com.blankj.utilcode.constant.TimeConstants.DAY}" />
    </annotation>
  </item>
  <item name="com.blankj.utilcode.util.TimeUtils long getMillis(long, long, int) 2">
    <annotation name="android.support.annotation.IntDef">
      <val name="value" val="{com.blankj.utilcode.constant.TimeConstants.MSEC, com.blankj.utilcode.constant.TimeConstants.SEC, com.blankj.utilcode.constant.TimeConstants.MIN, com.blankj.utilcode.constant.TimeConstants.HOUR, com.blankj.utilcode.constant.TimeConstants.DAY}" />
    </annotation>
  </item>
  <item name="com.blankj.utilcode.util.TimeUtils long getMillisByNow(long, int) 1">
    <annotation name="android.support.annotation.IntDef">
      <val name="value" val="{com.blankj.utilcode.constant.TimeConstants.MSEC, com.blankj.utilcode.constant.TimeConstants.SEC, com.blankj.utilcode.constant.TimeConstants.MIN, com.blankj.utilcode.constant.TimeConstants.HOUR, com.blankj.utilcode.constant.TimeConstants.DAY}" />
    </annotation>
  </item>
  <item name="com.blankj.utilcode.util.TimeUtils long getTimeSpan(java.lang.String, java.lang.String, int) 2">
    <annotation name="android.support.annotation.IntDef">
      <val name="value" val="{com.blankj.utilcode.constant.TimeConstants.MSEC, com.blankj.utilcode.constant.TimeConstants.SEC, com.blankj.utilcode.constant.TimeConstants.MIN, com.blankj.utilcode.constant.TimeConstants.HOUR, com.blankj.utilcode.constant.TimeConstants.DAY}" />
    </annotation>
  </item>
  <item name="com.blankj.utilcode.util.TimeUtils long getTimeSpan(java.lang.String, java.lang.String, java.text.DateFormat, int) 3">
    <annotation name="android.support.annotation.IntDef">
      <val name="value" val="{com.blankj.utilcode.constant.TimeConstants.MSEC, com.blankj.utilcode.constant.TimeConstants.SEC, com.blankj.utilcode.constant.TimeConstants.MIN, com.blankj.utilcode.constant.TimeConstants.HOUR, com.blankj.utilcode.constant.TimeConstants.DAY}" />
    </annotation>
  </item>
  <item name="com.blankj.utilcode.util.TimeUtils long getTimeSpan(java.util.Date, java.util.Date, int) 2">
    <annotation name="android.support.annotation.IntDef">
      <val name="value" val="{com.blankj.utilcode.constant.TimeConstants.MSEC, com.blankj.utilcode.constant.TimeConstants.SEC, com.blankj.utilcode.constant.TimeConstants.MIN, com.blankj.utilcode.constant.TimeConstants.HOUR, com.blankj.utilcode.constant.TimeConstants.DAY}" />
    </annotation>
  </item>
  <item name="com.blankj.utilcode.util.TimeUtils long getTimeSpan(long, long, int) 2">
    <annotation name="android.support.annotation.IntDef">
      <val name="value" val="{com.blankj.utilcode.constant.TimeConstants.MSEC, com.blankj.utilcode.constant.TimeConstants.SEC, com.blankj.utilcode.constant.TimeConstants.MIN, com.blankj.utilcode.constant.TimeConstants.HOUR, com.blankj.utilcode.constant.TimeConstants.DAY}" />
    </annotation>
  </item>
  <item name="com.blankj.utilcode.util.TimeUtils long getTimeSpanByNow(java.lang.String, int) 1">
    <annotation name="android.support.annotation.IntDef">
      <val name="value" val="{com.blankj.utilcode.constant.TimeConstants.MSEC, com.blankj.utilcode.constant.TimeConstants.SEC, com.blankj.utilcode.constant.TimeConstants.MIN, com.blankj.utilcode.constant.TimeConstants.HOUR, com.blankj.utilcode.constant.TimeConstants.DAY}" />
    </annotation>
  </item>
  <item name="com.blankj.utilcode.util.TimeUtils long getTimeSpanByNow(java.lang.String, java.text.DateFormat, int) 2">
    <annotation name="android.support.annotation.IntDef">
      <val name="value" val="{com.blankj.utilcode.constant.TimeConstants.MSEC, com.blankj.utilcode.constant.TimeConstants.SEC, com.blankj.utilcode.constant.TimeConstants.MIN, com.blankj.utilcode.constant.TimeConstants.HOUR, com.blankj.utilcode.constant.TimeConstants.DAY}" />
    </annotation>
  </item>
  <item name="com.blankj.utilcode.util.TimeUtils long getTimeSpanByNow(java.util.Date, int) 1">
    <annotation name="android.support.annotation.IntDef">
      <val name="value" val="{com.blankj.utilcode.constant.TimeConstants.MSEC, com.blankj.utilcode.constant.TimeConstants.SEC, com.blankj.utilcode.constant.TimeConstants.MIN, com.blankj.utilcode.constant.TimeConstants.HOUR, com.blankj.utilcode.constant.TimeConstants.DAY}" />
    </annotation>
  </item>
  <item name="com.blankj.utilcode.util.TimeUtils long getTimeSpanByNow(long, int) 1">
    <annotation name="android.support.annotation.IntDef">
      <val name="value" val="{com.blankj.utilcode.constant.TimeConstants.MSEC, com.blankj.utilcode.constant.TimeConstants.SEC, com.blankj.utilcode.constant.TimeConstants.MIN, com.blankj.utilcode.constant.TimeConstants.HOUR, com.blankj.utilcode.constant.TimeConstants.DAY}" />
    </annotation>
  </item>
  <item name="com.blankj.utilcode.util.TimeUtils long millis2TimeSpan(long, int) 1">
    <annotation name="android.support.annotation.IntDef">
      <val name="value" val="{com.blankj.utilcode.constant.TimeConstants.MSEC, com.blankj.utilcode.constant.TimeConstants.SEC, com.blankj.utilcode.constant.TimeConstants.MIN, com.blankj.utilcode.constant.TimeConstants.HOUR, com.blankj.utilcode.constant.TimeConstants.DAY}" />
    </annotation>
  </item>
  <item name="com.blankj.utilcode.util.TimeUtils long timeSpan2Millis(long, int) 1">
    <annotation name="android.support.annotation.IntDef">
      <val name="value" val="{com.blankj.utilcode.constant.TimeConstants.MSEC, com.blankj.utilcode.constant.TimeConstants.SEC, com.blankj.utilcode.constant.TimeConstants.MIN, com.blankj.utilcode.constant.TimeConstants.HOUR, com.blankj.utilcode.constant.TimeConstants.DAY}" />
    </annotation>
  </item>
</root>

